<?xml version="1.0" encoding="UTF-8"?>
<project-private xmlns="http://www.netbeans.org/ns/project-private/1">
    <editor-bookmarks xmlns="http://www.netbeans.org/ns/editor-bookmarks/2" lastBookmarkId="0"/>
    <open-files xmlns="http://www.netbeans.org/ns/projectui-open-files/2">
        <group>
            <file>file:/C:/Users/fofor/OneDrive/Escritorio/4°%20semestre/Procesos%20para%20la%20ingeniería%20de%20software/Proyecto/SGMEC3/SGMEC/Proyecto_SGMEC-main/Sistema-SGEMEC/src/javafxsgemec/controladores/FXMLInicioSesionController.java</file>
            <file>file:/C:/Users/fofor/OneDrive/Escritorio/4°%20semestre/Procesos%20para%20la%20ingeniería%20de%20software/Proyecto/SGMEC3/SGMEC/Proyecto_SGMEC-main/Sistema-SGEMEC/src/javafxsgemec/dao/DireccionDAO.java</file>
            <file>file:/C:/Users/fofor/OneDrive/Escritorio/4°%20semestre/Procesos%20para%20la%20ingeniería%20de%20software/Proyecto/SGMEC3/SGMEC/Proyecto_SGMEC-main/Sistema-SGEMEC/src/javafxsgemec/controladores/FXMLEquiposClienteController.java</file>
            <file>file:/C:/Users/fofor/OneDrive/Escritorio/4°%20semestre/Procesos%20para%20la%20ingeniería%20de%20software/Proyecto/SGMEC3/SGMEC/Proyecto_SGMEC-main/Sistema-SGEMEC/src/javafxsgemec/dao/ClienteDAO.java</file>
        </group>
    </open-files>
</project-private>
